Workbook

Sheet Auditoría canibalización
A1: Auditoría de canibalización SEO
A2: Fuente: export de Google Search Console del 7 jun–6 sep 2026. No contiene la dimensión combinada query × URL; por tanto, no se confirma ningún caso en esta ejecución.
A4: Resultado | B4: Valor | C4: Interpretación
A5: Estado | B5: DATOS INSUFICIENTES | C5: Se necesita exportar cada consulta desglosada por página.
A6: Casos confirmados | B6: 0 | C6: No equivale a ausencia; no puede comprobarse con este export.
A7: Consultas disponibles | B7: =COUNTA(Consultas!A2:A104) | C7: Agregadas por query, sin URL.
A8: URLs disponibles | B8: =COUNTA(Páginas!A2:A182) | C8: Agregadas por URL, sin query.
A9: Cruces query × URL | B9: 0 | C9: Dimensión indispensable.
A10: Periodo | B10: 7 jun–6 sep 2026 | C10: Definido en la fuente.
A13: Conclusión | B13: No es válido unir Consultas y Páginas por orden, posición o volumen. Para cada query deben existir dos o más filas URL antes de evaluar intención, alternancia y solapamiento. El análisis SERP requiere además una captura actual por cluster prioritario.

Sheet Gráfico
A1: Fecha | B1: Clics | C1: Impresiones | D1: CTR | E1: Posición
A2: 2026-06-07 | B2: 11 | C2: 86 | D2: 0.1279 | E2: 10.8
A3: 2026-06-08 | B3: 5 | C3: 70 | D3: 0.0714 | E3: 10.2
A4: 2026-06-09 | B4: 5 | C4: 101 | D4: 0.0495 | E4: 7.1
A5: 2026-06-10 | B5: 9 | C5: 93 | D5: 0.0968 | E5: 6.2
A6: 2026-06-11 | B6: 14 | C6: 88 | D6: 0.1591 | E6: 6.6
A7: 2026-06-12 | B7: 11 | C7: 84 | D7: 0.131 | E7: 7.6
A8: 2026-06-13 | B8: 11 | C8: 63 | D8: 0.1746 | E8: 7.8
A9: 2026-06-14 | B9: 8 | C9: 86 | D9: 0.093 | E9: 7.6
A10: 2026-06-15 | B10: 9 | C10: 90 | D10: 0.1 | E10: 5.6
A11: 2026-06-16 | B11: 7 | C11: 95 | D11: 0.0737 | E11: 6.5
A12: 2026-06-17 | B12: 15 | C12: 115 | D12: 0.1304 | E12: 6.1
A13: 2026-06-18 | B13: 16 | C13: 116 | D13: 0.1379 | E13: 6.1
... A93: 2026-09-06 | B93: 3 | C93: 63 | D93: 0.0476 | E93: 11

Sheet Consultas
A1: Consultas principales | B1: Clics | C1: Impresiones | D1: CTR | E1: Posición
A2: prompt studio | B2: 307 | C2: 2211 | D2: 0.1389 | E2: 6.59
A3: prompt studio ai | B3: 31 | C3: 204 | D3: 0.152 | E3: 7.03
A4: studio prompt | B4: 19 | C4: 171 | D4: 0.1111 | E4: 7.74
A5: promt studio | B5: 18 | C5: 118 | D5: 0.1525 | E5: 6.58
A6: promptstudio | B6: 14 | C6: 267 | D6: 0.0524 | E6: 13.66
A7: prompt studyo | B7: 9 | C7: 76 | D7: 0.1184 | E7: 12.08
A8: promptstudyo | B8: 9 | C8: 42 | D8: 0.2143 | E8: 5.45
A9: prompts studio | B9: 8 | C9: 101 | D9: 0.0792 | E9: 12.51
A10: promp studio | B10: 7 | C10: 27 | D10: 0.2593 | E10: 3.85
A11: mononote | B11: 5 | C11: 428 | D11: 0.0117 | E11: 8.87
A12: studio promt | B12: 4 | C12: 10 | D12: 0.4 | E12: 3.5
A13: mononote app | B13: 3 | C13: 450 | D13: 0.0067 | E13: 7.87
... A104: still mind | B104: 0 | C104: 1 | D104: 0 | E104: 89

Sheet Páginas
A1: Páginas principales | B1: Clics | C1: Impresiones | D1: CTR | E1: Posición
A2: https://www.prompstudio.com/ | B2: 541 | C2: 5211 | D2: 0.1038 | E2: 10.02
A3: https://www.prompstudio.com/landing-pages/mononote-writing-app | B3: 15 | C3: 985 | D3: 0.0152 | E3: 8.25
A4: https://www.prompstudio.com/ask | B4: 5 | C4: 204 | D4: 0.0245 | E4: 16.58
A5: https://www.prompstudio.com/affiliate-program | B5: 5 | C5: 113 | D5: 0.0442 | E5: 13.64
A6: https://www.prompstudio.com/landing-pages/apple-iphone-video-scrub-hero | B6: 3 | C6: 35 | D6: 0.0857 | E6: 7.23
A7: https://www.prompstudio.com/category/video-prompts | B7: 2 | C7: 42 | D7: 0.0476 | E7: 8.17
A8: https://www.prompstudio.com/tags/queen | B8: 2 | C8: 23 | D8: 0.087 | E8: 5.22
A9: https://www.prompstudio.com/tags/pdf | B9: 2 | C9: 22 | D9: 0.0909 | E9: 7
A10: https://www.prompstudio.com/tags/dashboard | B10: 2 | C10: 15 | D10: 0.1333 | E10: 8.47
A11: https://www.prompstudio.com/tags/meditation | B11: 2 | C11: 11 | D11: 0.1818 | E11: 10.36
A12: https://www.prompstudio.com/webpages/3d-architecture-walkthrough/ | B12: 1 | C12: 70 | D12: 0.0143 | E12: 50.11
A13: https://www.prompstudio.com/gallery-videos/v-21 | B13: 1 | C13: 30 | D13: 0.0333 | E13: 18.43
... A182: https://www.prompstudio.com/landing-pages/twilio-clone | B182: 0 | C182: 1 | D182: 0 | E182: 78

Sheet Países
A1: País | B1: Clics | C1: Impresiones | D1: CTR | E1: Posición
A2: La India | B2: 134 | C2: 1101 | D2: 0.1217 | E2: 7.82
A3: Indonesia | B3: 95 | C3: 461 | D3: 0.2061 | E3: 7.01
A4: Pakistán | B4: 23 | C4: 149 | D4: 0.1544 | E4: 7.39
A5: Estados Unidos | B5: 21 | C5: 2032 | D5: 0.0103 | E5: 19.87
A6: Turquía | B6: 19 | C6: 134 | D6: 0.1418 | E6: 8.46
A7: España | B7: 18 | C7: 275 | D7: 0.0655 | E7: 12.11
A8: México | B8: 17 | C8: 176 | D8: 0.0966 | E8: 9.52
A9: Bangladés | B9: 15 | C9: 93 | D9: 0.1613 | E9: 9.88
A10: Brasil | B10: 12 | C10: 128 | D10: 0.0938 | E10: 8.08
A11: Tailandia | B11: 12 | C11: 93 | D11: 0.129 | E11: 14.28
A12: Colombia | B12: 12 | C12: 64 | D12: 0.1875 | E12: 5.36
A13: Irán | B13: 12 | C13: 58 | D13: 0.2069 | E13: 5.12
... A151: Montenegro | B151: 0 | C151: 1 | D151: 0 | E151: 16

Sheet Dispositivos
A1: Dispositivo | B1: Clics | C1: Impresiones | D1: CTR | E1: Posición
A2: Ordenador | B2: 297 | C2: 4992 | D2: 0.0595 | E2: 14.71
A3: Móviles | B3: 291 | C3: 2457 | D3: 0.1184 | E3: 6.69
A4: Tablet | B4: 8 | C4: 53 | D4: 0.1509 | E4: 15.45

Sheet Aparición en búsquedas
A1: Aparición en búsquedas | B1: Clics | C1: Impresiones | D1: CTR | E1: Posición
A2: Fragmentos de productos | B2: 10 | C2: 917 | D2: 0.0109 | E2: 9.58
A3: Vídeos | B3: 0 | C3: 4 | D3: 0 | E3: 62

Sheet Filtros
A1: Filtrar | B1: Valor
A2: Tipo de búsqueda | B2: Web
A3: Fecha | B3: Últimos 3 meses

Sheet URLs para cruce
A1: URLs prioritarias para el cruce
A2: Tienen volumen para investigarse cuando exista query × URL. No son casos confirmados de canibalización.
A4: URL | B4: Clicks | C4: Impressions | D4: CTR | E4: Position | F4: Estado | G4: Acción actual | H4: Motivo
A5: ='Páginas'!A2 | B5: ='Páginas'!B2 | C5: ='Páginas'!C2 | D5: ='Páginas'!D2 | E5: ='Páginas'!E2 | F5: REQUIERE CRUCE | G5: NO ACTION | H5: Falta conocer queries y URLs competidoras para la misma intención.
A6: ='Páginas'!A3 | B6: ='Páginas'!B3 | C6: ='Páginas'!C3 | D6: ='Páginas'!D3 | E6: ='Páginas'!E3 | F6: REQUIERE CRUCE | G6: NO ACTION | H6: Falta conocer queries y URLs competidoras para la misma intención.
A7: ='Páginas'!A4 | B7: ='Páginas'!B4 | C7: ='Páginas'!C4 | D7: ='Páginas'!D4 | E7: ='Páginas'!E4 | F7: REQUIERE CRUCE | G7: NO ACTION | H7: Falta conocer queries y URLs competidoras para la misma intención.
A8: ='Páginas'!A29 | B8: ='Páginas'!B29 | C8: ='Páginas'!C29 | D8: ='Páginas'!D29 | E8: ='Páginas'!E29 | F8: REQUIERE CRUCE | G8: NO ACTION | H8: Falta conocer queries y URLs competidoras para la misma intención.
A9: ='Páginas'!A30 | B9: ='Páginas'!B30 | C9: ='Páginas'!C30 | D9: ='Páginas'!D30 | E9: ='Páginas'!E30 | F9: REQUIERE CRUCE | G9: NO ACTION | H9: Falta conocer queries y URLs competidoras para la misma intención.
A10: ='Páginas'!A31 | B10: ='Páginas'!B31 | C10: ='Páginas'!C31 | D10: ='Páginas'!D31 | E10: ='Páginas'!E31 | F10: REQUIERE CRUCE | G10: NO ACTION | H10: Falta conocer queries y URLs competidoras para la misma intención.
A11: ='Páginas'!A32 | B11: ='Páginas'!B32 | C11: ='Páginas'!C32 | D11: ='Páginas'!D32 | E11: ='Páginas'!E32 | F11: REQUIERE CRUCE | G11: NO ACTION | H11: Falta conocer queries y URLs competidoras para la misma intención.
A12: ='Páginas'!A33 | B12: ='Páginas'!B33 | C12: ='Páginas'!C33 | D12: ='Páginas'!D33 | E12: ='Páginas'!E33 | F12: REQUIERE CRUCE | G12: NO ACTION | H12: Falta conocer queries y URLs competidoras para la misma intención.
A13: ='Páginas'!A5 | B13: ='Páginas'!B5 | C13: ='Páginas'!C5 | D13: ='Páginas'!D5 | E13: ='Páginas'!E5 | F13: REQUIERE CRUCE | G13: NO ACTION | H13: Falta conocer queries y URLs competidoras para la misma intención.
A14: ='Páginas'!A12 | B14: ='Páginas'!B12 | C14: ='Páginas'!C12 | D14: ='Páginas'!D12 | E14: ='Páginas'!E12 | F14: REQUIERE CRUCE | G14: NO ACTION | H14: Falta conocer queries y URLs competidoras para la misma intención.

Sheet Export requerido
A1: Formato requerido: query × URL
A2: Exportar con Search Console API o filtrar cada consulta y descargar Páginas. Cada fila debe ser una combinación query y URL.
A4: Date range | B4: Query | C4: URL | D4: Clicks | E4: Impressions | F4: CTR | G4: Position | H4: Country | I4: Device | J4: Search appearance
A5: 2026-08-10/2026-09-06 | B5: ejemplo query | C5: https://www.prompstudio.com/example-a | D5: 4 | E5: 180 | F5: =IFERROR(D5/E5,0) | G5: 8.4 | H5: USA | I5: Desktop | J5: Web
A6: 2026-08-10/2026-09-06 | B6: ejemplo query | C6: https://www.prompstudio.com/example-b | D6: 2 | E6: 120 | F6: =IFERROR(D6/E6,0) | G6: 11.8 | H6: USA | I6: Desktop | J6: Web

Sheet Metodología
A1: Metodología y decisiones
A2: Reglas iniciales que deben calibrarse con revisión manual de casos y SERPs.
A4: Paso | B4: Criterio | C4: Umbral inicial | D4: Resultado
A5: Elegibilidad | B5: Misma query/cluster con ≥2 URLs y volumen material | C5: ≥100 impresiones | D5: Candidato
A6: Distribución | B6: URL secundaria concentra señales | C6: ≥20% de impresiones o clicks | D6: Posible competencia
A7: Alternancia | B7: La URL principal cambia entre periodos | C7: ≥2 cambios en 28 días | D7: Canibalización probable
A8: Intención | B8: Las URLs resuelven la misma necesidad | C8: Intent match ≥0.80 | D8: Confirma solapamiento
A9: KEEP | B9: Una domina; las demás cubren subintenciones | C9: Intención distinta | D9: Mantener
A10: REPOSITION | B10: Existe una URL adecuada pero Google elige otra | C10: URL principal clara | D10: Reposicionar
A11: MERGE | B11: Dos páginas aportan valor parcial a la misma intención | C11: Solapamiento alto | D11: Consolidar
A12: REDIRECT | B12: Una fue sustituida por otra equivalente | C12: Equivalencia total | D12: 301 con aprobación
A13: CANONICAL | B13: Duplicado técnico necesario | C13: Contenido equivalente | D13: Canonical técnico
A14: INTERNAL LINKING | B14: La principal es correcta; señales internas ambiguas | C14: Jerarquía/anchors débiles | D14: Reforzar principal
